<?xml version="1.0" encoding="UTF-8"?>
<!DOCTYPE suite SYSTEM "http://testng.org/testng-1.0.dtd">
<suite name="Suite">
  <test name="WiniumCalculator_ADD">
  <parameter name="number1_add" value="45" />
        <parameter name="number2_add" value="50" />
   <classes>
    <class name="com.calc.qa.testcases.AdditionTest"/> 
  	 </classes>
  	  </test>
  	 <test name="WiniumCalculator_DIVIDE">
  	 <parameter name="number1_div" value="50" />
        <parameter name="number2_div" value="50" />
  	 <classes>
  	  <class name="com.calc.qa.testcases.DivisionTest"/>
       </classes>
        </test>
       <test name="WiniumCalculator_MOD">
        <parameter name="number1_mod" value="150" />
        <parameter name="number2_mod" value="50" />
       <classes>
       <class name="com.calc.qa.testcases.ModuloTest"/> 
       </classes>
        </test>
       <test name="WiniumCalculator_POWER">
       <parameter name="exponent" value="4" />
        <parameter name="power" value="3" />
       <classes>
      <class name="com.calc.qa.testcases.SquareTest"/>
    </classes>
    
  </test> <!-- Test -->
</suite> <!-- Suite -->